time_hour,predicted_up_count,predicted_down_count,predicted_total_count,date,hour,day_name,predicted_up_count_rounded,predicted_down_count_rounded,predicted_total_count_rounded
2026-05-22 01:00:00,6.278092442400497,5.813915334109435,12.09200777650993,2026-05-22,1,Friday,6,6,12
2026-05-22 02:00:00,6.612119929468322,6.333321160683946,12.945441090152269,2026-05-22,2,Friday,7,6,13
2026-05-22 03:00:00,5.774270775943694,5.765514942705265,11.53978571864896,2026-05-22,3,Friday,6,6,12
2026-05-22 04:00:00,5.573510889509387,5.72535709117339,11.298867980682777,2026-05-22,4,Friday,6,6,11
2026-05-22 05:00:00,6.5632732487462055,6.0308399716051335,12.594113220351339,2026-05-22,5,Friday,7,6,13
2026-05-22 06:00:00,11.878493325781362,10.705028058611658,22.58352138439302,2026-05-22,6,Friday,12,11,23
2026-05-22 07:00:00,27.652158170034586,25.804409440646236,53.45656761068082,2026-05-22,7,Friday,28,26,53
2026-05-22 08:00:00,26.871580633187545,25.274084572709818,52.14566520589736,2026-05-22,8,Friday,27,25,52
2026-05-22 09:00:00,26.85310941249022,25.790183216708364,52.643292629198584,2026-05-22,9,Friday,27,26,53
2026-05-22 10:00:00,14.954338432307924,13.700955263722314,28.65529369603024,2026-05-22,10,Friday,15,14,29
2026-05-22 11:00:00,19.989710945357665,18.3998640132336,38.38957495859127,2026-05-22,11,Friday,20,18,38
2026-05-22 12:00:00,20.07416563179999,18.755839962797854,38.83000559459784,2026-05-22,12,Friday,20,19,39
2026-05-22 13:00:00,21.152335694588533,19.675892381419217,40.82822807600775,2026-05-22,13,Friday,21,20,41
2026-05-22 14:00:00,14.038768489160354,12.98134595655058,27.020114445710934,2026-05-22,14,Friday,14,13,27
2026-05-22 15:00:00,13.294108110923021,12.133925658323287,25.42803376924631,2026-05-22,15,Friday,13,12,25
2026-05-22 16:00:00,13.081046008458516,11.796511671544447,24.877557680002965,2026-05-22,16,Friday,13,12,25
2026-05-22 17:00:00,34.868010864522645,30.6514534885049,65.51946435302754,2026-05-22,17,Friday,35,31,66
2026-05-22 18:00:00,34.75992937230481,30.438426369148637,65.19835574145344,2026-05-22,18,Friday,35,30,65
2026-05-22 19:00:00,35.01852446377305,31.159729500475297,66.17825396424834,2026-05-22,19,Friday,35,31,66
2026-05-22 20:00:00,34.85914868280938,30.82776019151096,65.68690887432035,2026-05-22,20,Friday,35,31,66
2026-05-22 21:00:00,12.517950753880516,12.280596896549762,24.79854765043028,2026-05-22,21,Friday,13,12,25
2026-05-22 22:00:00,14.559135787816487,13.335292309818263,27.89442809763475,2026-05-22,22,Friday,15,13,28
2026-05-22 23:00:00,14.211237505635712,13.430819542011584,27.642057047647295,2026-05-22,23,Friday,14,13,28
2026-05-23 00:00:00,5.930753439242481,5.227119249272701,11.157872688515182,2026-05-23,0,Saturday,6,5,11
2026-05-23 01:00:00,5.815606369996642,5.522841768931903,11.338448138928545,2026-05-23,1,Saturday,6,6,11
2026-05-23 02:00:00,5.820380826528115,5.7829837083741245,11.60336453490224,2026-05-23,2,Saturday,6,6,12
2026-05-23 03:00:00,5.773160498832923,5.79299391025009,11.566154409083012,2026-05-23,3,Saturday,6,6,12
2026-05-23 04:00:00,5.631491880713378,5.747019168382547,11.378511049095925,2026-05-23,4,Saturday,6,6,11
2026-05-23 05:00:00,6.327826440218411,6.0496670774578885,12.3774935176763,2026-05-23,5,Saturday,6,6,12
2026-05-23 06:00:00,12.434136402050187,10.807328046044818,23.241464448095005,2026-05-23,6,Saturday,12,11,23
2026-05-23 07:00:00,27.480080403486912,25.104326168121204,52.58440657160811,2026-05-23,7,Saturday,27,25,53
2026-05-23 08:00:00,27.10319476179584,25.807196821646322,52.91039158344216,2026-05-23,8,Saturday,27,26,53
2026-05-23 09:00:00,26.915484875136052,26.289124334132683,53.20460920926874,2026-05-23,9,Saturday,27,26,53
2026-05-23 10:00:00,13.005278445816261,11.552879634960982,24.558158080777243,2026-05-23,10,Saturday,13,12,25
2026-05-23 11:00:00,20.242594005692823,18.940015266596106,39.18260927228893,2026-05-23,11,Saturday,20,19,39
2026-05-23 12:00:00,19.329620966604633,17.69450652603534,37.02412749263998,2026-05-23,12,Saturday,19,18,37
2026-05-23 13:00:00,19.902348877760097,18.747434216937947,38.649783094698044,2026-05-23,13,Saturday,20,19,39
2026-05-23 14:00:00,12.597641723436,11.449092502762516,24.046734226198517,2026-05-23,14,Saturday,13,11,24
2026-05-23 15:00:00,13.839075474277342,12.765779331438605,26.604854805715945,2026-05-23,15,Saturday,14,13,27
2026-05-23 16:00:00,12.669705167456941,11.734639384241452,24.404344551698394,2026-05-23,16,Saturday,13,12,24
2026-05-23 17:00:00,34.8962889365891,31.549188118227022,66.44547705481612,2026-05-23,17,Saturday,35,32,66
2026-05-23 18:00:00,34.994947568873094,31.55046643235396,66.54541400122706,2026-05-23,18,Saturday,35,32,67
2026-05-23 19:00:00,35.15704005075281,31.586358713179543,66.74339876393236,2026-05-23,19,Saturday,35,32,67
2026-05-23 20:00:00,33.357880440976125,30.005007625196946,63.36288806617307,2026-05-23,20,Saturday,33,30,63
2026-05-23 21:00:00,12.965286902884259,11.930666732595059,24.895953635479316,2026-05-23,21,Saturday,13,12,25
2026-05-23 22:00:00,12.722772674726734,11.617336779318746,24.340109454045482,2026-05-23,22,Saturday,13,12,24
2026-05-23 23:00:00,14.655573086053812,14.084948915991951,28.740522002045765,2026-05-23,23,Saturday,15,14,29
2026-05-24 00:00:00,5.7981953156762245,5.174623260970894,10.972818576647118,2026-05-24,0,Sunday,6,5,11
2026-05-24 01:00:00,5.737194924359151,5.400399898766867,11.137594823126019,2026-05-24,1,Sunday,6,5,11
2026-05-24 02:00:00,6.019628319342668,5.850022345319176,11.869650664661844,2026-05-24,2,Sunday,6,6,12
2026-05-24 03:00:00,6.479229274327313,6.461875268858186,12.9411045431855,2026-05-24,3,Sunday,6,6,13
2026-05-24 04:00:00,5.677499163864437,5.7820001601984155,11.459499324062852,2026-05-24,4,Sunday,6,6,11
2026-05-24 05:00:00,6.026204637589704,5.850188644544111,11.876393282133815,2026-05-24,5,Sunday,6,6,12
2026-05-24 06:00:00,13.713561293716673,12.30149914893031,26.015060442646984,2026-05-24,6,Sunday,14,12,26
2026-05-24 07:00:00,27.43852732301522,26.105243505739395,53.54377082875462,2026-05-24,7,Sunday,27,26,54
2026-05-24 08:00:00,27.095009549550674,26.021857772155684,53.11686732170636,2026-05-24,8,Sunday,27,26,53
2026-05-24 09:00:00,26.12537709689517,25.196383054991774,51.32176015188695,2026-05-24,9,Sunday,26,25,51
2026-05-24 10:00:00,13.780425992983467,12.307845626034698,26.088271619018165,2026-05-24,10,Sunday,14,12,26
2026-05-24 11:00:00,21.82425950549806,20.100730506078865,41.924990011576924,2026-05-24,11,Sunday,22,20,42
2026-05-24 12:00:00,21.236081725557092,18.772594922043435,40.008676647600524,2026-05-24,12,Sunday,21,19,40
2026-05-24 13:00:00,21.479254464095757,19.675334819064446,41.154589283160206,2026-05-24,13,Sunday,21,20,41
2026-05-24 14:00:00,13.405403387912592,12.009128093211825,25.414531481124417,2026-05-24,14,Sunday,13,12,25
2026-05-24 15:00:00,12.850854851276697,11.824641789031096,24.67549664030779,2026-05-24,15,Sunday,13,12,25
2026-05-24 16:00:00,12.81838737956501,11.840985514891582,24.65937289445659,2026-05-24,16,Sunday,13,12,25
2026-05-24 17:00:00,35.139077586225014,31.728618176590388,66.8676957628154,2026-05-24,17,Sunday,35,32,67
2026-05-24 18:00:00,35.07409420329688,31.36957829525227,66.44367249854915,2026-05-24,18,Sunday,35,31,66
2026-05-24 19:00:00,34.75496820025307,31.897477118505645,66.65244531875871,2026-05-24,19,Sunday,35,32,67
2026-05-24 20:00:00,34.544411330886604,31.01784129414547,65.56225262503207,2026-05-24,20,Sunday,35,31,66
2026-05-24 21:00:00,12.854112356756414,11.891349238834568,24.74546159559098,2026-05-24,21,Sunday,13,12,25
2026-05-24 22:00:00,12.594794091858342,12.007386530696166,24.602180622554506,2026-05-24,22,Sunday,13,12,25
2026-05-24 23:00:00,13.690608136255708,12.874582340094587,26.565190476350296,2026-05-24,23,Sunday,14,13,27
2026-05-25 00:00:00,5.7452161040799625,4.963870297823167,10.709086401903129,2026-05-25,0,Monday,6,5,11
